{
    "objects": [
        {
            "objectName": "Cube",
            "position": {
                "x": -0.8101857900619507,
                "y": 0.2023010551929474,
                "z": -3.6600000858306886
            }
        },
        {
            "objectName": "Sphere",
            "position": {
                "x": 0.7658369541168213,
                "y": -0.6191474795341492,
                "z": -3.6600000858306886
            }
        }
    ]
}